<?xml version="1.0" encoding="ISO-8859-1"?>

<!DOCTYPE xml2swing PUBLIC "CUF_DTD_1_4" "http://www.sdm.com/dtd/xml2swing-1.4.dtd">

<xml2swing>
    <nonvisual>
        <object id="Hallo" class="com.sdm.cufexamples.HalloWelt"/>
        <action id="FileQuit">
            <text>Quit</text>
            <tooltip>Close application.</tooltip>
            <mnemonic>Q</mnemonic>
            <text lang="de">Beenden</text>
            <tooltip lang="de">Anwendung verlassen.</tooltip>
            <mnemonic>B</mnemonic>
            <accelerator>control Q</accelerator>
        </action>
    </nonvisual>
    <visual>
        <frame id="myFrame" closeAction="FileQuit">
            <icon name="TipOfTheDay"/>
            <menubar id="MenuBar">
                <menu>
                    <text>File</text>
                    <mnemonic>F</mnemonic>
                    <text lang="de">Datei</text>
                    <mnemonic lang="de">D</mnemonic>
                    <menuitem actionref="FileQuit"/>
                </menu>
            </menubar>
            <button id="Button">
                <text>Press me!</text>
                <tooltip>output will be shown on the console.</tooltip>
                <mnemonic>P</mnemonic>
                <text lang="de">Dr�ck mich!</text>
                <tooltip lang="de">Ausgabe erfolgt auf der Konsole.</tooltip>
                <mnemonic lang="de">k</mnemonic>
            </button>
        </frame>
    </visual>
    <connect>
        <actionAction source="myFrame/Button" target="Hallo" method="hallo"/>
        <actionAction source="FileQuit"       target="Hallo" method="quit"/>
    </connect>
</xml2swing>
