<?xml version="1.0" encoding="ISO-8859-1"?>

<!DOCTYPE xml2swing PUBLIC "CUF_DTD_1_4" "http://www.sdm.com/dtd/xml2swing-1.4.dtd">

<xml2swing>
    <nonvisual>
        <object id="Pk" class="com.sdm.cufexamples.Popup"/>
        <action id="FileQuit">
            <text>Quit</text>
            <tooltip>Close application.</tooltip>
            <mnemonic>Q</mnemonic>
            <text lang="de">Beenden</text>
            <tooltip lang="de">Anwendung verlassen.</tooltip>
            <mnemonic>B</mnemonic>
            <accelerator>control Q</accelerator>
        </action>
    </nonvisual>

    <visual>
        <frame id="TableFrame" closeAction="FileQuit">
            <icon name="TipOfTheDay"/>
            <title>Popup Test</title>
            <menubar id="MenuBar">
                <menu>
                    <text>File</text>
                    <mnemonic>F</mnemonic>
                    <text lang="de">Datei</text>
                    <mnemonic lang="de">D</mnemonic>
                    <menuitem actionref="FileQuit"/>
                </menu>
            </menubar>
            <panel id="MainPanel">
                <layoutmanager type="table">
                    <columns>10, 0.10, 20, -1, 20, 0.20, 10</columns>
                       <rows>10, 0.20, 20, -1, 20, 0.20, 10</rows>
                </layoutmanager>
                    <!-- constraint is String:
                       column, row [, Left/Center/Full/Right [,Top/Center/Full/Bottom]])
                       or
                       startColumn, startRow, endColumn, endRow

                       TableLayout.FILL       is -1
                       TableLayout.PREFERRED  is -2
                       TableLayout.MINIMUM    is -3
                    -->
                <label id="Label1"><text>Top</text>     <constraint>1, 1, 5, 1</constraint></label>
                <label id="Label2"><text>Bottom</text>  <constraint>1, 5, 5, 5</constraint></label>
                <label id="Label3"><text>Left</text>    <constraint>1, 3      </constraint></label>
                <label id="Label4"><text>Right</text>   <constraint>5, 3      </constraint></label>
                <label id="Label5"><text>Center</text>  <constraint>3, 3, c, c</constraint></label>
                <label id="Label6"><text>Overlap</text> <constraint>3, 3, 3, 5</constraint></label>
            </panel>
        </frame>
        <popup id="Popup1">
            <title>Popup Titel</title>
            <popupitem id="hallo">
                <text>Hallo</text>
                <mnemonic>h</mnemonic>
            </popupitem>
            <popupitem id="quit" actionref="FileQuit"/>
            <separator/>
            <popupmenu id="test">
                <text>submenu</text>
                <popupitem id="sub1">
                    <text>submenu 1</text>
                </popupitem>
                <popupitem id="sub2">
                    <text>submenu 2</text>
                </popupitem>
            </popupmenu>
            <popupref ref="TableFrame/MainPanel/Label1"/>
            <popupref ref="TableFrame/MainPanel/Label2"/>
        </popup>
        <popup id="Popup2">
            <popupitem id="welt">
                <text>Welt</text>
            </popupitem>
            <popupref ref="TableFrame/MainPanel/Label3"/>
            <popupref ref="TableFrame/MainPanel/Label4"/>
        </popup>
    </visual>

    <connect>
        <actionAction   source="FileQuit"         target="Pk" method="quit"/>
        <menuAction     source="Popup1/hallo"     target="Pk" method="doHallo"/>
        <menuAction     source="Popup1/test/sub2" target="Pk" method="doHallo"/>
        <menuAction     source="Popup2/welt"      target="Pk" method="doHallo"/>
    </connect>
</xml2swing>
