<?xml version="1.0" encoding="ISO-8859-1"?>

<!DOCTYPE xml2swing PUBLIC "CUF_DTD_1_4" "http://www.sdm.com/dtd/xml2swing-1.4.dtd">

<xml2swing>
    <nonvisual>
        <object id="Pk" class="com.sdm.cufexamples.Split"/>
        <action id="FileQuit">
            <text>Quit</text>
            <accelerator>control Q</accelerator>
            <mnemonic>Q</mnemonic>
            <tooltip>Close application.</tooltip>
            <!-- <icon></icon> -->
            <!-- <isToggle/> -->
        </action>
        <action id="aboutACK">
            <text>OK</text>
        </action>
        <action id="aboutNACK">
            <text>Cancel</text>
        </action>
    </nonvisual>
    <visual>
        <frame id="myFrame" closeAction="FileQuit">
            <icon name="TipOfTheDay"/>

            <menubar id="MenuBar">
                <menu>
                    <text>File</text>
                    <mnemonic>F</mnemonic>
                    <menuitem actionref="FileQuit"/>
                </menu>
                <menu id="HelpMenu">
                    <text>Help</text>
                    <mnemonic>H</mnemonic>
                    <menuitem id="About">
                        <text>About</text>
                        <mnemonic>B</mnemonic>
                    </menuitem>
                </menu>
            </menubar>

            <toolbar id="ToolBar">
                <toolbaritem actionref="FileQuit"/>
            </toolbar>

            <!-- orientation is 1 (HORIZONTAL_SPLIT, default) or 0 (VERTICAL_SPLIT),
                 the value of oneTouchExpandable doesn't matter -->
            <splitpane id="SplitPane" oneTouchExpandable="true" >
                <scrollpane id="NavigationScrollPane">
                    <tree id="Tree"/>
                </scrollpane>
                <panel id="ContentPanel">
                    <layoutmanager type="table">
                        <columns>0.50,-1</columns>
                        <rows>-2, -1</rows>
                    </layoutmanager>
                    <textfield id="text1"><constraint>0,0</constraint></textfield>
                    <textfield id="text2"><constraint>1,0</constraint></textfield>
                    <scrollpane id="TableScrollPane">
                        <constraint>0,1,1,1</constraint>
                        <table id="Table"/>
                    </scrollpane>
                </panel>
            </splitpane>

            <dialog id="aboutDialog" closeAction="aboutNACK" escapeAction="aboutNACK">
                <title>About</title>
                <title lang="de">�ber</title>
                <panel id="Panel">
                    <layoutmanager type="table">
                        <columns>10,0.50, 0.50,10</columns>
                        <rows>-1, -2, -2, -1</rows>
                    </layoutmanager>
                    <label>
                        <constraint>1,1,2,1</constraint>
                        <text>Swing2XML by J�rgen Zeller</text>
                    </label>
                    <button id="OK" actionref="aboutACK">
                        <constraint>1,2</constraint>
                    </button>
                    <button id="Cancel" actionref="aboutNACK">
                        <constraint>2,2</constraint>
                    </button>
                </panel>
            </dialog>
        </frame>
    </visual>
    <connect>
        <actionAction    source="FileQuit"                         target="Pk" method="quit"/>
        <menuAction      source="myFrame/MenuBar/HelpMenu/About"   target="Pk" method="about"/>
        <actionAction    source="aboutACK"                         target="Pk" method="aboutOk"/>
        <actionAction    source="aboutNACK"                        target="Pk" method="aboutCancel"/>
        <treeSelectionAction source="myFrame/SplitPane/NavigationScrollPane/Tree"
                             target="Pk" method="navSelection"/>
        <listSelectionAction source="myFrame/SplitPane/ContentPanel/TableScrollPane/Table"
                             target="Pk" method="tableSelection"/>
    </connect>
</xml2swing>
