<?xml version="1.0" encoding="ISO-8859-1"?>

<!DOCTYPE xml2swing PUBLIC "CUF_DTD_1_4" "http://www.sdm.com/dtd/xml2swing-1.4.dtd">

<xml2swing>
    <nonvisual>
        <object id="Pk" class="net.sf.cuf.examples.Layout"/>
        <action id="FileQuit">
            <text>Quit</text>
            <tooltip>Close application.</tooltip>
            <mnemonic>Q</mnemonic>
            <text lang="de">Beenden</text>
            <tooltip lang="de">Anwendung verlassen.</tooltip>
            <mnemonic>B</mnemonic>
            <accelerator>control Q</accelerator>
        </action>
    </nonvisual>

    <visual>
        <frame id="BorderFrame" closeAction="FileQuit">
            <icon name="TipOfTheDay"/>
            <title>BorderLayout Test</title>
            <menubar id="MenuBar">
                <menu>
                    <text>File</text>
                    <mnemonic>F</mnemonic>
                    <text lang="de">Datei</text>
                    <mnemonic lang="de">D</mnemonic>
                    <menuitem actionref="FileQuit"/>
                </menu>
            </menubar>
            <panel>
                <layoutmanager type="border">
                    <hgap>5</hgap>
                    <vgap>10</vgap>
                </layoutmanager>
                <!-- constraint is North, South, West, East, Center, First, Last, Before, After -->
                <label>
                    <title>North</title><text>Hallo Welt!</text><constraint>North</constraint>
                </label>
                <label>
                    <title>South</title><text>Hallo Welt!</text><constraint>South</constraint>
                </label>
                <label>
                    <title>West</title><text>Hallo Welt!</text><constraint>West</constraint>
                </label>
                <label>
                    <title>East</title><text>Hallo Welt!</text><constraint>East</constraint>
                </label>
                <label>
                    <title>Center</title><text>Hallo Welt!</text><constraint>Center</constraint>
                </label>
            </panel>
        </frame>


        <frame id="BoxFrame" closeAction="FileQuit">
            <icon name="TipOfTheDay"/>
            <title>BoxLayout Test</title>
            <menubar id="MenuBar">
                <menu>
                    <text>File</text>
                    <mnemonic>F</mnemonic>
                    <text lang="de">Datei</text>
                    <mnemonic lang="de">D</mnemonic>
                    <menuitem actionref="FileQuit"/>
                </menu>
            </menubar>
            <panel>
                <layoutmanager type="gridbag"/>
                <panel>
                    <constraint type="gridbag">
                        <gridx>0</gridx><gridy>0</gridy><fill>1</fill><weightx>1</weightx><weighty>1</weighty>
                    </constraint>
                    <layoutmanager type="box">
                        <axis>0</axis>
                        <!-- axis: 0= x, 1= y -->
                    </layoutmanager>
                    <!-- no constraint's -->
                    <label><text>Hallo, Welt (1)!</text></label>
                    <label><text>Hallo, Welt (2)!</text></label>
                    <label><text>Hallo, Welt                 (3)!</text></label>
                </panel>
                <panel>
                    <constraint type="gridbag">
                        <gridx>1</gridx><gridy>0</gridy><fill>1</fill><weightx>1</weightx><weighty>1</weighty>
                    </constraint>
                    <layoutmanager type="box">
                        <axis>1</axis>
                    </layoutmanager>
                    <label><text>going down (1)!</text></label>
                    <label><text>going down (2)!</text></label>
                    <label><text>going down                  (3)!</text></label>
                </panel>
            </panel>
        </frame>


        <frame id="CardFrame" closeAction="FileQuit">
            <icon name="TipOfTheDay"/>
            <title>CardLayout Test</title>
            <menubar id="MenuBar">
                <menu>
                    <text>File</text>
                    <mnemonic>F</mnemonic>
                    <text lang="de">Datei</text>
                    <mnemonic lang="de">D</mnemonic>
                    <menuitem actionref="FileQuit"/>
                </menu>
            </menubar>
            <panel id="MainPanel">
                <layoutmanager type="gridbag"/>
                <panel id="CardPanel">
                    <constraint type="gridbag">
                        <gridx>0</gridx><gridy>0</gridy><gridheight>3</gridheight>
                        <fill>1</fill><weightx>1</weightx><weighty>1</weighty>
                    </constraint>
                    <layoutmanager type="card">
                        <hgap>5</hgap>
                        <vgap>10</vgap>
                    </layoutmanager>
                    <!-- constraint is card name -->
                    <label><text>Dies ist die erste Karte!</text><constraint>one</constraint></label>
                    <label><text>Hier kommt die zweite Karte...</text><constraint>two</constraint></label>
                    <label><text>Das ist Karte Nummer drei.</text><constraint>three</constraint></label>
                </panel>
                <textfield id="TextField">
                    <tooltip>Enter card constraint name here</tooltip>
                    <constraint type="gridbag">
                        <gridx>1</gridx><gridy>0</gridy><fill>2</fill><weightx>1</weightx>
                    </constraint>
                </textfield>
                <button id="Button">
                    <text>Switch to Card</text><mnemonic>C</mnemonic>
                    <constraint type="gridbag">
                        <gridx>1</gridx><gridy>1</gridy><fill>2</fill><weightx>1</weightx>
                    </constraint>
                </button>
                <panel id="Filler">
                    <constraint type="gridbag">
                        <gridx>1</gridx><gridy>2</gridy><fill>3</fill><weighty>1</weighty>
                    </constraint>
                </panel>
            </panel>
        </frame>

        <frame id="FlowFrame" closeAction="FileQuit">
            <icon name="TipOfTheDay"/>
            <title>FlowLayout Test</title>
            <panel id="MainPanel">
                <layoutmanager type="flow">
                    <hgap>5</hgap>
                    <vgap>10</vgap>
                    <align>1</align>
                </layoutmanager>
                <!-- no constraint's -->
                <label><text>Hallo, Welt (1)!</text></label>
                <label><text>Hallo, Welt (2)!</text></label>
                <label><text>Hallo, Welt                 (3)!</text></label>
            </panel>
        </frame>

        <frame id="GridFrame" closeAction="FileQuit">
            <icon name="TipOfTheDay"/>
            <title>GridLayout Test</title>
            <panel id="MainPanel">
                <layoutmanager type="grid">
                    <rows>2</rows>
                    <columns>2</columns>
                    <hgap>5</hgap>
                    <vgap>10</vgap>
                </layoutmanager>
                <!-- no constraint's -->
                <label><text>Hallo, Welt (1)!</text></label>
                <label><text>Hallo, Welt (2)!</text></label>
                <label><text>Hallo, Welt                 (3)!</text></label>
                <label><text>Hallo, Welt                 (4)!</text></label>
            </panel>
        </frame>

        <frame id="TableFrame" closeAction="FileQuit">
            <icon name="TipOfTheDay"/>
            <title>TableLayout Test</title>
            <menubar id="MenuBar">
                <menu>
                    <text>File</text>
                    <mnemonic>F</mnemonic>
                    <text lang="de">Datei</text>
                    <mnemonic lang="de">D</mnemonic>
                    <menuitem actionref="FileQuit"/>
                </menu>
            </menubar>
            <panel id="MainPanel">
                <layoutmanager type="table">
                    <columns>10, 0.10, 20, fill, 20, 0.20, 10</columns>
                       <rows>10, 0.20, 20, -1, 20, 0.20, 10</rows>
                </layoutmanager>
                    <!-- constraint is String:
                       column, row [, Left/Center/Full/Right [,Top/Center/Full/Bottom]])
                       or
                       startColumn, startRow, endColumn, endRow

                       TableLayout.FILL       is -1 or fill
                       TableLayout.PREFERRED  is -2 or preferred
                       TableLayout.MINIMUM    is -3 or minimum
                    -->
                <label><text>Top</text>     <constraint>1, 1, 5, 1</constraint></label>
                <label><text>Bottom</text>  <constraint>1, 5, 5, 5</constraint></label>
                <label><text>Left</text>    <constraint>1, 3      </constraint></label>
                <label><text>Right</text>   <constraint>5, 3      </constraint></label>
                <label><text>Center</text>  <constraint>3, 3, c, c</constraint></label>
                <label><text>Overlap</text> <constraint>3, 3, 3, 5</constraint></label>
            </panel>
        </frame>

        <frame id="FormFrame" closeAction="FileQuit">
            <icon name="TipOfTheDay"/>
            <title>FormLayout Test</title>
            <menubar id="MenuBar">
                <menu>
                    <text>File</text>
                    <mnemonic>F</mnemonic>
                    <text lang="de">Datei</text>
                    <mnemonic lang="de">D</mnemonic>
                    <menuitem actionref="FileQuit"/>
                </menu>
            </menubar>
            <panel id="MainPanel">
                <layoutmanager type="form">
                    <columns>10px, pref:grow, 20px, pref:grow, 20px, pref:grow, 10px</columns>
                       <rows>pref:grow, pref:grow, pref:grow, pref:grow, pref:grow</rows>
                    <columngroups>2,6;1,7</columngroups>
                    <rowgroups>2,4</rowgroups>
                </layoutmanager>
                <label><text>Top</text>     <constraint>1, 1, 6, 1</constraint></label>
                <label><text>Bottom</text>  <constraint>1, 5, 6, 1</constraint></label>
                <label><text>Left</text>    <constraint>2, 3      </constraint></label>
                <label><text>Right</text>   <constraint>6, 3      </constraint></label>
                <label><text>Center</text>  <constraint>4, 3, 1, 1, C, C</constraint></label>
            </panel>
        </frame>

        <frame id="FormFrame2" closeAction="FileQuit">
            <icon name="TipOfTheDay"/>
            <title>FormLayout Builder Test</title>
            <menubar id="MenuBar">
                <menu>
                    <text>File</text>
                    <mnemonic>F</mnemonic>
                    <text lang="de">Datei</text>
                    <mnemonic lang="de">D</mnemonic>
                    <menuitem actionref="FileQuit"/>
                </menu>
                <menu id="Edit">
                    <text>Edit</text>
                    <mnemonic>E</mnemonic>
                    <text lang="de">Bearbeiten</text>
                    <mnemonic lang="de">B</mnemonic>
                    <menuitem id="ToggleVisible">
                        <accelerator>control T</accelerator> 
                        <text>toggle visability</text>
                        <text lang="de">Sichtbarkeit umschalten</text>
                    </menuitem>
                </menu>
            </menubar>
            <panel id="MainPanel">
                <border type="empty"><dlu>dialog</dlu></border>
                <builder type="default">
                    <layoutmanager type="form">
                        <columns>right:max(50dlu;p), 4dlu, 75dlu:grow(.5), 7dlu, right:p, 4dlu, 75dlu:grow(.5)</columns>
                    </layoutmanager>
                </builder>

                <builder command="appendSeparator"><text>Segment</text></builder>
                <label><text>Identifier</text></label> <textfield/>
                <builder command="nextLine"/>
                <label><text>PTI [kW]</text></label>   <textfield/>
                <label><text>Power [kW]</text></label> <textfield/>
                <builder command="nextLine"/>
                <label><text>len [mm]</text></label>   <textfield/>
                <builder command="nextLine"/>

                <builder command="appendSeparator"><text>Diameters</text></builder>
                <label><text>da [mm]</text></label>    <textfield/>
                <label><text>di [mm]</text></label>    <textfield/>
                <builder command="nextLine"/>
                <label><text>da2 [mm]</text></label>   <textfield/>
                <label><text>di2 [mm]</text></label>   <textfield/>
                <builder command="nextLine"/>
                <label id="rLabel"><text>R [mm]</text></label>     <textfield id="rTF"/>
                <label id="dLabel"><text>D [mm]</text></label>     <textfield id="dTF"/>
            </panel>
        </frame>
    </visual>

    <connect>
        <actionAction    source="FileQuit"                      target="Pk" method="quit"/>
        <actionAction    source="CardFrame/MainPanel/Button"    target="Pk" method="switchToCard"/>
        <textfieldAction source="CardFrame/MainPanel/TextField" target="Pk" method="switchToCard"/>
        <actionAction    source="ToggleVisible"                 target="Pk" method="toggleVisability"/>
    </connect>
</xml2swing>
