<?xml version="1.0" encoding="ISO-8859-1"?>

<!DOCTYPE xml2swing PUBLIC "CUF_DTD_1_4" "http://www.sdm.com/dtd/xml2swing-1.4.dtd">

<xml2swing>
    <nonvisual>
        <object id="StateDc" class="net.sf.cuf.examples.state.StateDc"/>
        <object id="StatePc" class="net.sf.cuf.examples.state.StatePc"/>
        <action id="FileQuit">
            <text>Quit</text>
            <tooltip>Close application.</tooltip>
            <mnemonic>Q</mnemonic>
            <text lang="de">Beenden</text>
            <tooltip lang="de">Anwendung verlassen.</tooltip>
            <mnemonic>B</mnemonic>
            <accelerator>control Q</accelerator>
        </action>
    </nonvisual>
    <visual>
        <frame id="Frame" closeAction="FileQuit">
            <title>State/StateAdapter Example</title>
            <icon name="TipOfTheDay"/>
            <menubar id="MenuBar">
                <menu>
                    <text>File</text>
                    <mnemonic>F</mnemonic>
                    <text lang="de">Datei</text>
                    <mnemonic lang="de">D</mnemonic>
                    <menuitem actionref="FileQuit"/>
                </menu>
            </menubar>
            <panel id="Panel">
                <layoutmanager type="table">
                    <columns>4(start), preferred(label), 4, 100(action), 4, 100(default), fill(end)</columns>
                    <rows>4, preferred(r1), 4, preferred(r2), 4, preferred(r3), 4, fill(r4)</rows>
                </layoutmanager>

                <label>
                    <constraint>label,r1</constraint>
                    <text lang="de">Bitte geben Sie einen Text ein, der Default wird mit RETURN gesetzt.</text>
                    <text>Please enter some text, the default gets set with ENTER.</text>
                </label>
                <textfield id="TextField">
                    <constraint>action,r1</constraint>
                </textfield>
                <label>
                    <constraint>default,r1</constraint>
                    <text lang="de">aktueller default:</text>
                    <text>current default:</text>
                </label>
                <label id="Default">
                    <constraint>end,r1</constraint>
                </label>

                <label>
                    <constraint>label,r2</constraint>
                    <text lang="de">enabled/disabled die Texteingabe, nur enabled wenn eine Zeile in der Tabelle selektiert ist.</text>
                    <text>enables/disables the text entry, only enabled if a row in the table is selected.</text>
                </label>
                <checkbox id="CheckBox">
                    <constraint>action,r2</constraint>
                </checkbox>

                <label>
                    <constraint>label,r3,end,r3</constraint>
                    <text lang="de">Tabelle ist enabled/disabled, wenn der aktuelle Text dem zuletzt mit RETURN gesetzten entspricht.</text>
                    <text>The table is enabled/disabled if the actul text in the text filed matches the current text.</text>
                </label>
                <scrollpane id="ScrollPane">
                    <constraint>start,r4,end,r4</constraint>
                    <any class="net.sf.cuf.ui.table.SortingTable" id="Table"/>
                </scrollpane>
            </panel>
        </frame>
    </visual>
    <connect>
        <actionAction    source="FileQuit"              target="StatePc" method="quit"/>
        <textfieldAction source="Frame/Panel/TextField" target="StatePc" method="changeDefault"/>
    </connect>
</xml2swing>
