<?xml version="1.0" encoding="ISO-8859-1"?>

<!DOCTYPE xml2swing PUBLIC "CUF_DTD_1_4" "http://www.sdm.com/dtd/xml2swing-1.4.dtd">

<xml2swing>
    <visual>
        <panel id="Test">
            <title>Border Test</title>
            <button id="StellplatzPanel">
                <text>OK</text>
                <text lang="en">OK</text>
            </button>
            <combobox id="ComboBox">
                <border type="bevel"/>
                <comboitem>Eintrag 1</comboitem>
                <comboitem lang="en">Entry 1</comboitem>
                <comboitem>Eintrag 2</comboitem>
                <comboitem lang="en">Entry 2</comboitem>
            </combobox>
            <label id="Label">
                <border type="bevel" sunken="raised" />
                <text>Hallo! Ich bin ein Label</text>
            </label>
            <button id="Button2">
                <text>Abbrechen</text>
                <text lang="en">Cancel</text>
            </button>
            <panel id="radiotest">
                <layoutmanager type="gridbag"/>
                <radiobutton>
                    <text>Option A</text>
                    <constraint type="gridbag">
                        <gridx>0</gridx>
                        <gridy>0</gridy>
                    </constraint>
                </radiobutton>
                <radiobutton default="true">
                    <text>Option B</text>
                    <constraint type="gridbag">
                        <gridx>1</gridx>
                        <gridy>0</gridy>
                    </constraint>
                </radiobutton>
                <checkbox>
                    <text>check it!</text>
                    <constraint type="gridbag">
                        <gridx>1</gridx>
                        <gridy>1</gridy>
                    </constraint>
                </checkbox>
            </panel>
            <panel id="scrolltest">
                <title>noch eine Border</title>
                <scrollpane id="scrollpane">
                    <tree id="leererTree">
                    </tree>
                </scrollpane>
                <button id="Button3">
                    <border type="empty"><left>10</left><top>10</top>
                        <border type="bevel"/>
                    </border>
                    <text>Space</text>
                </button>
            </panel>
            <table id="leereTable">
            </table>
            <slider id="slider">
            </slider>
            <tabbedpane id="tabPane">
                <tabmapping>
                    <tabitem ref="LabelTab1">
                        <title>Tab 1</title>
                        <icon name="Redo" lang="de"/>
                        <title lang="de">Reiter 1</title>
                        <tooltip>Tooltip test</tooltip>
                    </tabitem>
                    <tabitem ref="LabelTab2">
                        <title>Tab 2</title>
                    </tabitem>
                </tabmapping>
                <label id="LabelTab1">
                    <text>Hallo! Ich bin ein Label auf Tab1, �ber mir sollte ein icon sein!</text>
                </label>
                <label id="LabelTab2">
                    <text>Hallo! Ich bin ein Label auf Tab2!</text>
                </label>
            </tabbedpane>
        </panel>
    </visual>
</xml2swing>
