<?xml version="1.0" encoding="ISO-8859-1"?>

<!DOCTYPE xml2swing PUBLIC "CUF_DTD_1_4" "http://www.sdm.com/dtd/xml2swing-1.4.dtd">

<xml2swing>
    <nonvisual>
        <object id="Pk" class="net.sf.cuf.examples.TestPk2"/>
        <action id="FileQuit">
            <text>Quit</text>
            <accelerator>control Q</accelerator>
            <mnemonic>Q</mnemonic>
            <tooltip>Close application.</tooltip>
            <!-- <icon></icon> -->
            <!-- <isToggle/> -->
        </action>
        <action id="aboutNACK"/>
    </nonvisual>
    <visual>
        <frame id="myFrame" closeAction="FileQuit">
            <icon name="TipOfTheDay"/>

            <menubar id="MenuBar">
                <menu>
                    <text>File</text>
                    <mnemonic>F</mnemonic>
                    <menuitem actionref="FileQuit"/>
                </menu>
                <menu id="HelpMenu">
                    <text>Help</text>
                    <mnemonic>H</mnemonic>
                    <menuitem id="Help">
                        <text>Help</text>
                        <mnemonic>P</mnemonic>
                        <accelerator>control H</accelerator>
                    </menuitem>
                    <separator/>
                    <menuitem id="About">
                        <text>About</text>
                        <mnemonic>B</mnemonic>
                    </menuitem>
                </menu>
            </menubar>

            <toolbar id="ToolBar">
                <toolbaritem actionref="FileQuit"/>
                <separator/>
                <toolbaritem id="Help">
                    <icon name="Redo"/>
                    <tooltip>gives help </tooltip>
                </toolbaritem>
            </toolbar>

            <panel id="TestPanel">
                <layoutmanager type="gridbag"/>

                <label id="textLabel">
                    <text>Enter</text>
                    <constraint type="gridbag">
                        <gridx>0</gridx>
                        <gridy>0</gridy>
                        <insets>
                            <top>   4</top>
                            <left>  4</left>
                            <bottom>4</bottom>
                            <right> 4</right>
                        </insets>
                    </constraint>
                </label>

                <textfield id="textField">
                    <tooltip>Enter any text you like.</tooltip>
                    <constraint type="gridbag">
                        <gridx>1</gridx>
                        <gridy>0</gridy>
                        <fill>2</fill>
                        <gridwidth>2</gridwidth>
                        <weightx>1</weightx>
                        <insets>
                            <top>   4</top>
                            <left>  4</left>
                            <bottom>4</bottom>
                            <right> 4</right>
                        </insets>
                    </constraint>
                </textfield>

                <label id="usageCounter">
                    <text>myCounter</text>
                    <constraint type="gridbag">
                        <gridx>0</gridx>
                        <gridy>1</gridy>
                        <insets>
                            <top>   4</top>
                            <left>  4</left>
                            <bottom>4</bottom>
                            <right> 4</right>
                        </insets>
                    </constraint>
                    <tooltip>Number of reverse actions</tooltip>
                </label>

                <button id="button">
                    <text>Reverse text</text>
                    <text lang="de">Drehe Text um</text>
                    <icon name="Redo"/>
                    <mnemonic>t</mnemonic>
                    <mnemonic lang="de">h</mnemonic>
                    <tooltip>reverse the entered text</tooltip>
                    <constraint type="gridbag">
                        <gridx>1</gridx>
                        <gridy>1</gridy>
                    </constraint>
                </button>

                <panel id="filler">
                    <layoutmanager type="null"/>
                    <constraint type="gridbag">
                        <gridx>2</gridx>
                        <gridy>2</gridy>
                        <fill>1</fill>
                        <weighty>1</weighty>
                    </constraint>
                </panel>
            </panel>
            <dialog id="aboutDialog" closeAction="aboutNACK" escapeAction="aboutNACK">
                <title>About</title>
                <title lang="de">�ber</title>
                <panel id="Panel">
                    <layoutmanager type="table">
                        <columns>10,0.50, 0.50,10</columns>
                        <rows>-1, -2, -2, -1</rows>
                    </layoutmanager>
                    <label>
                        <constraint>1,1,2,1</constraint>
                        <text>Swing2XML by J�rgen Zeller</text>
                    </label>
                    <button id="OK">
                        <constraint>1,2</constraint>
                        <text>OK</text>
                    </button>
                    <button id="Cancel">
                        <constraint>2,2</constraint>
                        <text>Cancel</text>
                    </button>
                </panel>
            </dialog>
        </frame>
    </visual>
    <connect>
        <buttonAction    source="myFrame/TestPanel/button"         target="Pk" method="reverse"/>
        <textfieldAction source="myFrame/TestPanel/textField"      target="Pk" method="reverse"/>
        <menuAction      source="myFrame/MenuBar/HelpMenu/Help"    target="Pk" method="help"/>
        <menuAction      source="myFrame/MenuBar/HelpMenu/About"   target="Pk" method="about"/>
        <buttonAction    source="myFrame/ToolBar/Help"             target="Pk" method="help"/>
        <actionAction    source="FileQuit"                         target="Pk" method="quit"/>
        <buttonAction    source="myFrame/aboutDialog/Panel/OK"     target="Pk" method="aboutOk"/>
        <buttonAction    source="myFrame/aboutDialog/Panel/Cancel" target="Pk" method="aboutCancel"/>
        <actionAction    source="aboutNACK"                        target="Pk" method="aboutCancel"/>
    </connect>
</xml2swing>
