<?xml version="1.0" encoding="ISO-8859-1"?>

<!DOCTYPE xml2swing PUBLIC "CUF_DTD_1_4" "http://www.sdm.com/dtd/xml2swing-1.4.dtd">

<xml2swing>
    <nonvisual>
        <object id="ModalPc" class="com.sdm.cufexamples.model.uc3.ModalPc"/>
        <action id="Cancel">
            <text>Abbrechen</text>
        </action>
    </nonvisual>

    <visual>
        <dialog id="Dialog" escapeAction="Cancel" default="Dialog/Panel/OK" modal="true">
            <panel id="Panel">
                <border type="empty"><dlu>dialog</dlu></border>
                <layoutmanager type="form">
                    <columns>pref, pref:grow, 60dlu, 4dlu, 60dlu</columns>
                    <rows>pref, 7dlu, pref</rows>
                </layoutmanager>
                <label>
                    <text lang="de">Etwas Text eingeben: </text>
                    <text>Enter some text: </text>
                    <constraint>1,1</constraint>
                </label>
                <textfield id="Text" >
                    <constraint>2,1,4,1</constraint>
                </textfield>
                <button id="OK">
                    <text>OK</text>
                    <constraint>3,3</constraint>
                </button>
                <button actionref="Cancel">
                    <constraint>5,3</constraint>
                </button>
            </panel>
        </dialog>
    </visual>
    <connect>
        <actionAction source="Cancel"          target="ModalPc" method="cancel"/>
        <actionAction source="Dialog/Panel/OK" target="ModalPc" method="ok"/>
    </connect>
</xml2swing>
