<?xml version="1.0" encoding="ISO-8859-1"?>

<!DOCTYPE xml2swing PUBLIC "CUF_DTD_1_4" "http://www.sdm.com/dtd/xml2swing-1.4.dtd">

<xml2swing>
    <nonvisual>
        <object id="UseCase3Pc" class="com.sdm.cufexamples.model.uc3.UseCase3Pc"/>
    </nonvisual>

    <visual>
        <panel id="UC3">
            <border type="empty"><dlu>dialog</dlu></border>
            <layoutmanager type="form">
                <columns>pref,60dlu, pref:grow</columns>
                <rows>pref, 7dlu, pref</rows>
            </layoutmanager>
            <label>
                <text lang="de">Ergebnis des letzten modalen Dialogaufrufs:</text>
                <text>result of the last modal dialog call:</text>
                <constraint>1,1</constraint>
            </label>
            <textfield id="Text" editable="false" >
                <constraint>2,1,2,1</constraint>
            </textfield>
            <button id="Button">
                <text>...</text>
                <constraint>2,3</constraint>
            </button>
        </panel>
    </visual>
    <connect>
        <actionAction source="UC3/Button" target="UseCase3Pc" method="showModalDialog"/>
    </connect>
</xml2swing>
