<?xml version="1.0" encoding="ISO-8859-1"?>

<!DOCTYPE xml2swing PUBLIC "CUF_DTD_1_7" "http://www.sdm.com/dtd/xml2swing-1.7.dtd">

<xml2swing>
    <nonvisual>
        <object id="MultiSelectPc" class="net.sf.cuf.examples.model.multi.MultiSelectPc"/>
    </nonvisual>

    <visual>
        <panel id="MultiSelectPanel">
            <border type="empty"><dlu>dialog</dlu></border>
            <layoutmanager type="form">
                <columns>4dlu,fill:80dlu,7dlu,fill:pref,7dlu,fill:80dlu,4dlu</columns>
                <rows>4dlu,fill:140dlu,4dlu</rows>
            </layoutmanager>
            <scrollpane id="LeftScrollPane" verticalScrollBar="asNeeded" horizontalScrollBar="asNeeded">
                <constraint>2,2</constraint>
	            <list id="LeftList">
	            </list>
	        </scrollpane>
            <panel id="Buttons">
                <constraint>4,2,fill,center</constraint>
				<layoutmanager type="grid">
					<rows>4</rows>
					<columns>1</columns>
					<vgap>10</vgap>
				</layoutmanager>
	            <button id="MoveSelectedRightButton">
	                <text>&gt;</text>
	            </button>
	            <button id="MoveAllRightButton">
	                <text>&gt;&gt;</text>
	            </button>
	            <button id="MoveAllLeftButton">
	                <text>&lt;&lt;</text>
	            </button>
	            <button id="MoveSelectedLeftButton">
	                <text>&lt;</text>
	            </button>
            </panel>
            <scrollpane id="RightScrollPane" verticalScrollBar="asNeeded" horizontalScrollBar="asNeeded">
                <constraint>6,2</constraint>
	            <list id="RightList">
	            </list>
	        </scrollpane>
        </panel>
    </visual>
    
    <connect>
    	<buttonAction source="MoveSelectedRightButton" target="MultiSelectPc" method="moveSelectedRight"/>
    	<buttonAction source="MoveAllRightButton"      target="MultiSelectPc" method="moveAllRight"/>
    	<buttonAction source="MoveSelectedLeftButton"  target="MultiSelectPc" method="moveSelectedLeft"/>
    	<buttonAction source="MoveAllLeftButton"       target="MultiSelectPc" method="moveAllLeft"/>
    </connect>

    <databinding>
        <valueholder          id="LeftListHolder"/>
        <valueholder          id="RightListHolder"/>
        <multiselectioninlist id="LeftMSIL"            modelref="LeftListHolder"/>
        <multiselectioninlist id="RightMSIL"           modelref="RightListHolder"/>
        <listadapter          modelref="LeftMSIL"      widgetref="LeftList"/>
        <listadapter          modelref="RightMSIL"     widgetref="RightList"/>
    </databinding>

    <statehandling>
    	<!-- the selected left and right buttons only enabled, when at least one item selected -->
    	<state id="NothingLeftSelected" type="listSelection" ref="LeftList"/>
    	<stateAdapter type="enabled" ref="NothingLeftSelected">
    		<adaptee invert="true" ref="MoveSelectedRightButton"/>
    	</stateAdapter>
    	<state id="NothingRightSelected" type="listSelection" ref="RightList"/>
    	<stateAdapter type="enabled" ref="NothingRightSelected">
    		<adaptee invert="true" ref="MoveSelectedLeftButton"/>
    	</stateAdapter>
    	<!-- the all left and right buttons only enabled, when at least one item in list -->

    </statehandling>
</xml2swing>

