<?xml version="1.0" encoding="ISO-8859-1"?>

<!DOCTYPE xml2swing PUBLIC "CUF_DTD_1_5" "http://www.sdm.com/dtd/xml2swing-1.5.dtd">

<xml2swing>
    <nonvisual>
        <object id="UseCase2Pc" class="net.sf.cuf.examples.model.uc2.UseCase2Pc"/>
    </nonvisual>

    <visual>
        <panel id="UC2">
            <layoutmanager type="table">
                <columns>4, preferred(C1), 4, preferred(C2)</columns>
                <rows>4, preferred(R1), 7, preferred(R2), 4, preferred(R3), fill</rows>
            </layoutmanager>

            <label>
                <constraint>C1,R1</constraint>
                <text lang="de">Hallo Welt!</text>
                <text>hello world!</text>
            </label>
            <checkbox id="CanPassivate" selected="true">
                <constraint>C2,R1</constraint>
                <text>can passivate</text>
            </checkbox>

            <combobox id="DisplayComboBox">
                <constraint>C1,R2</constraint>
            </combobox>
            <label id="DomainLabel">
                <constraint>C2,R2</constraint>
            </label>
            <list id="DisplayList">
                <constraint>C1,R3</constraint>
            </list>
        </panel>
    </visual>

    <databinding>
        <valueholder     id="LOVSHolder"/>
        <valueholder     id="DomainHolder"/>
        <lovmapper       id="LOVMapper"          lovsref="LOVSHolder" modelref="DomainHolder"/>
        <selectioninlist id="SIL"                modelref="LOVMapper"/>
        <indexedadapter  id="CurrentRow"         trigger="SIL"/>
        <listadapter     modelref="SIL"          widgetref="DisplayComboBox"/>
        <listadapter     modelref="SIL"          widgetref="DisplayList"/>
        <labeladapter    modelref="DomainHolder" widgetref="DomainLabel"/>
        <tooltipadapter  modelref="CurrentRow"   widgetref="DomainLabel"/>
    </databinding>

    <statehandling>
        <state id="PassivateState"  type="selected" ref="CanPassivate"/>
    </statehandling>
</xml2swing>

