<?xml version="1.0" encoding="ISO-8859-1"?>

<!DOCTYPE xml2swing PUBLIC "CUF_DTD_1_4" "http://www.sdm.com/dtd/xml2swing-1.4.dtd">

<xml2swing>
    <nonvisual>
        <object id="UseCase4Pc" class="net.sf.cuf.examples.model.uc4.UseCase4Pc"/>
        <object id="DatesVM"    class="net.sf.cuf.model.ValueModel"/>
    </nonvisual>

    <visual>
        <panel id="UC4">
            <border type="empty"><dlu>dialog</dlu></border>
            <layoutmanager type="form">
                <columns>pref:grow, 7dlu, pref</columns>
                <rows>pref, 7dlu, pref, fill:pref:grow</rows>
            </layoutmanager>
            <scrollpane id="ScrollPane">
                <constraint>1,1,1,4</constraint>
                <table id="DateTable"/>
            </scrollpane>
            <button id="AddDate">
                <text>Datum hinzuf�gen</text>
                <constraint>3,1</constraint>
            </button>
            <button id="RemoveDate">
                <text>Datum entfernen</text>
                <constraint>3,3</constraint>
            </button>
        </panel>
    </visual>

    <connect>
        <actionAction source="UC4/AddDate"    target="UseCase4Pc" method="addDate"/>
        <!-- TODO: add the callback for the removeDate method -->
    </connect>

    <databinding>
        <!-- We wrap the value model with the date list inside a selection in list model, which stores also the current row index -->
        <selectioninlist id="DatesSILVM" modelref="DatesVM"/>
        <!-- We map the selection in list model with a generic adapter to our table -->
        <tableadapter    modelref="DatesSILVM"
                         class="java.util.Date"
                         widgetref="UC4/ScrollPane/DateTable">
            <column access="Hours"   class="java.lang.Integer" > <title>Stunde</title>  </column>
            <column access="Minutes" class="java.lang.Integer">  <title>Minute</title> </column>
            <column access="Seconds" class="java.lang.Integer">  <title>Sekunde</title>   </column>
        </tableadapter>
    </databinding>

    <statehandling>
        <!-- TODO: add a state "TableEmpty" that references the table -->
        <!-- TODO: add a enabled state adapter referencing the TabbleEmpty state -->
    </statehandling>
</xml2swing>

